Section Name/Locality,Paleocontinental Region,Formation/Unit/Basin,Locality No,ModernLAT,ModernLONG,LWK ( 375 Ma) Paleocoordinates (Long),LWK Paleocoordinates (Lat),UKW (370 Ma) Paleocoord (Long),UKW (370 Ma) Paleocoord (LAT),LWK or UKW,Rock type during Kelwasser event,Paleo-environment,Primary Lithology (LWK),Primary lithology(UKW),Primary Facies,LKW Numerical Depth,,Proxy,local/global,LKW redox,Degree of anoxia ,UKW Redox,Degree of anoxia (1-5),Color,Depth range of anoxia,References,DOI,
"Chestnut Mound, Tennessee, USA",Euramerica-North America,Chattanooga shale (Appalachian basin),1,36.208,-85.834,,,-35.842,-35.5622,UKW,black shales interbedded with green-gray shales,"shallow continental margin, above storm wavebase",N/A,dark shale,basin,5,5.2,biomarker (C28/C29 sterane ratios); U/Th and V/(V+Ni),local,N/A,#N/A,euxinic,4,black,water column; bottom water,Li et al 2021,https://doi.org/10.1016/j.epsl.2021.116839,
"Smithtown, TN, USA",Euramerica-North America,"Chattanooga shale, Gassoway Member (AB)",2,35.156,-85.923,-36.4771,-38.2234,-36.4771,-38.2234,UKW,black shale,"shallow continental margin, above storm wavebase",N/A,dark shale,basin,5,5.2,sedimentary facies (color and occurance of pyrite),local,N/A,#N/A,anoxic,3,#5C5858,bottom,Over 2002,,
"Norton, Virginia, USA",Euramerica-North America,"chattanooga Shale, Huron shale member (AB)",3,36.934,-82.629,-32.4743,-37.6815,-32.4743,-37.6815,UKW,black shale,"shallow continental margin, above storm wavebase",N/A,dark shale,basin,5,5.2,sedimentary facies (color and occurance of pyrite),local,N/A,#N/A,anoxic,3,#5C5858,bottom,Over 2002,,
"Beaver Meadow Creek, NY, USA",Euramerica-North America,"Hanover shale, Java Formation (appalachian basin)",4,42.67,-78.396,-26.4367,-33.2867,-26.4367,-33.2867,UKW,dark-colored shale ,foreland basin,N/A,dark shale,basin,5,5.2,sedimentary facies (color and occurance of pyrite),local,N/A,#N/A,anoxic,3,#5C5858,bottom,Over 2002,https://doi.org/10.1016/S0031-0182(01)00477-1,
"Delaware, Ohio",Euramerica-North America,"Olentany shale, cincinatti arch",5,40.298,-83.071,-31.341,-34.4255,-31.341,-34.4255,UKW,green-grey shale,epicontinental basin,N/A,siltstone,basin,5,5.2,sedimentary facies (color and occurance of pyrite),local,N/A,#N/A,anoxic,3,#5C5858,bottom,Over 2002,,
"Sweetland Creek, Iowa (Type section)",Euramerica-North America,"Sweetland creek shale, illinois basin",6,41.463,-90.949,-37.1251,-30.8062,-37.1251,-30.8062,UKW,thin green-grey shale,slope ? where the Illinois Basin merges with the Midcontinent Carbonate Shelf ,N/A,dark shale,distal slope,4,4.2,sedimentary facies (color and occurance of pyrite),local,dysoxic,2,anoxic,3,#5C5858,bottom,"Over 2002, Day and Witze 2017",10.1016/bs.sats.2017.08.003,
"Paxton quarry, Alpena, Michigan",Euramerica-North America,"Antrim shale, Michigan basin",7,45.058,-83.62,-29.7578,-29.8412,-29.7578,-29.8412,UKW,calcareous green-grey mudstones,epicontinental basin,N/A,dark shale ,basin,5,5.2,sedimentary facies (color and occurance of pyrite),local,N/A,#N/A,anoxic,3,#5C5858,bottom,Over 2002,,
Oklahoma Aulacogen,Euramerica-North America,"Woodford shale, Southern margin Laurasa",8,34.477,-97.216,-46.6005,-33.8157,-46.6005,-33.8157,UKW,"highly siliceous, cherty, and pyritic black shale",aulacogen,N/A,dark shale,basin,5,5.2,sedimentary facies (color and occurance of pyrite),local,N/A,#N/A,anoxic,3,#5C5858,bottom,Over 2002,,
"Baisha, Guangxi",Central-East Asia,,9,24.64,110.898,107.3299,-0.6764,107.3299,-0.6764,LKW/UKW,argillaceous limestone,ntraplatform basin,N/A,limestone,basin,5,5.2,"d34Spyrite, Fe",local,dysoxic,2,oxic,1,black,bottom,Cui et al 2022,,
"Devil's Gate, central Nevada, USA",Euramerica-North America,Devil's Gate Limestone (Great Basin),10,40.843,-115.777,-55.2451,-19.7899,-55.2451,-19.7899,LKW/UKW,limestone-marl rhythmite,foreland basin,limestone,limestone,basin,5,5.2,"d238U,  sedimentary facies, pyrite framboids",global/local,anoxic,3,euxinic,4,black,bottom,"White et al 2018, bond and Wignall 2005",10.1016/j.epsl.2018.09.020,
"Bruns quarry, Prince creek northeast Iowa",Euramerica-North America,"Lime Creek Formation, Owen member, Iowa basin",11,42.853,-91.405,-36.6684,-29.4321,-36.6684,-29.4321,LKW,carbonate with multiple hardgrounds,carbonate ramp,limestone,N/A,proximal slope,3,3.2,sedimentary facies ,local,dysoxic,2,N/A,#N/A,white,bottom,Day and Witzke 2017,10.1016/bs.sats.2017.08.002,
"Steinbruch Benner, Rhine Slate Mountains, Germany",Euramerica-Western Europe,,12,50.698,8.39,7.1425,-19.5111,7.1425,-19.5111,LKW/UKW,dark grey laminated micrites,submarine rise/seamount?,limestone,limestone,open ocean,1,1.2,"pyrite framboids, sedimentary fabric",local,anoxic,3,anoxic,3,#5C5858,water column; bottom water,Bond et al 2004,10.1017/S0016756804008866,
"Kowala Quarry, Holy Cross Mountains, Poland",Euramerica-Western Europe,Che¸ciny–Zbrza Basin,13,50.872,20.58,28.7317,-16.6934,28.7317,-16.6934,LKW/UKW,"euxinic-dominated deposition in the form of a dark grey, finely laminated micrite bed bounded by dark grey, laminated shales (LKW)/ euxinic facies: finely laminated micrites from the top of the linguiformis Zone, with diagnostic framboid populations ((UKW",expanded base ofslope to basinal succession,limestone,limestone,distal slope,4,4.2,"pyrite framboids, sedimentary fabric, Th/U",local,euxinic,4,euxinic,4,black,water column; bottom water,Bond et al 2004,,
"Psie G´orki, Holy Cross Mountains, Poland",Euramerica-Western Europe,,14,51.012,20.962,28.8473,-16.4376,28.8473,-16.4376,UKW,Finely laminated alternations of dark grey shales and medium grey micrites,forereef,N/A,limestone,open ocean,1,1.2,"pyrite framboids, sedimentary fabric",local,N/A,#N/A,anoxic,3,#5C5858,water column; bottom water,Bond et al 2004,,
"P?ucki, Holy Cross Mountains, Poland",Euramerica-Western Europe,?ysorg´ory–Kostom?oty Basin,15,50.798,21.066,29.0352,-16.57,29.0352,-16.57,UKW,microbial grainstone/biomicrite,intrashelf basin,N/A,limestone,basin,5,5.2,"pyrite framboids, sedimentary fabric",local,N/A,#N/A,anoxic,3,#5C5858,water column; bottom water,Bond et al 2004,,
"Coumiac, France",Euramerica-Western Europe,,16,43.469,3.059,21.1623,-28.808,21.1623,-28.808,LKW/UKW,"Two thin, medium-dark grey micrite beds",mid platform,limestone,limestone,platform,2,2.2,"pyrite framboids, sedimentary fabric",local,anoxic,3,dysoxic,2,#888B90,water column; bottom water,Bond et al 2004,,
"Le Serre, France",Euramerica-Western Europe,,17,43.888,2.65,20.6815,-28.5162,20.6815,-28.5162,LKW/UKW,darker grey colour and consists ofmassive homoctenid packstones grading up into wackestones,outer platform,limestone,shale,platform,2,2.2,"pyrite framboids, sedimentary fabric",local,dysoxic,2,anoxic,3,white,water column; bottom water,Bond et al 2004,,
"Wolayer Glacier, Carniac Alps",Euramerica-Western Europe,,18,46.611,12.869,29.3786,-27.1532,29.3786,-27.1532,LKW/UKW,thick bedded limestone,outer platform,limestone,limestone,platform,2,2.2,"pyrite framboids, sedimentary fabric",local,oxic,1,oxic,1,black,water column; bottom water,Bond et al 2005,,
"Panlong, Guangxi",Central-East Asia,Rongxian formaton,19,23.492,-109.715,-66.8593,-30.43,-66.8593,-30.43,LKW/UKW,thinly bedded laminated limestone,offshore  carbonate platform,N/A,limeone,platform,2,2.2,"d34Spyrite, Fe",local,N/A,#N/A,oxic,1,white,bottom,Cui et al 2021,https://doi.org/10.1016/j.earscirev.2021.103651,
"Cinquefoil Mountain, Alberta Canada",Euramerica-North America,Jasper Basin,20,53.213,-118.212,-46.3761,-7.9379,-46.3761,-7.9379,UKW,,upper-slope carbonate (paleo depth 50 m),N/A,siltstone,basin,5,5.2,whole rock d34S,local,N/A,#N/A,anoxic,3,white,bottom,Wang et al 1996 (Geology),https://doi.org/10.1130/0091-7613(1996)024<0187:CASIAA>2.3.CO;2,
"Medicine Lake, Alberta Canada",Euramerica-North America,Jasper Basin,21,52.858,-117.761,-46.5139,-8.3635,-46.5139,-8.3635,UKW,,basinal sediments (~150 m water),N/A,siltstone,basin,5,5.2,whole rock d34S,local,N/A,#N/A,anoxic,3,#5C5858,bottom,,,
"James Bay Lowlands, Ontario",Euramerica-North Europe,Long Rapids Formation,22,51.219,-80.574,-25.3635,-24.6608,-25.3635,-24.6608,UKW,alternating green mudstone and black shale beds,slope,N/A,dark shale,distal slope,4,4.2,"pyrite, sedimentary fabric, d15N, ",local,N/A,#N/A,anoxic,3,#5C5858,water column; bottom water,Levman and Bitter,https://cdnsciencepub.com/doi/abs/10.1139/e02-073,
"roche Miette , Alberta, Canada",Euramerica-North America,Jasper Basin,23,53.256,-117.363,-43.5229,-10.4183,-43.5229,-10.4183,UKW,,"reef margin, continental basin",N/A,limestone,basin,5,5.2,"sedimentary facies, Th/U, pyrite framboids",local,N/A,#N/A,dysoxic,2,#888B90,water column; bottom water,Bond et al 2013,https://doi.org/10.1111/let.12014,
"Lake Huron, Ontario",Euramerica-North America,Kettle Point Formation,24,43.18,-82.018,-29.257,-32.0008,-29.257,-32.0008,UKW,) (organic-rich) black shales and (ii) (organic-poor) greyish green mudstones,basin,N/A,dark shale,basin,5,5.2,"sulfur isotopes, sedimentary facies",local,N/A,#N/A,anoxic,3,#5C5858,bottom,Bingham-Koslowski 2016,https://doi.org/10.1139/cjes-2015-0227,
State Chester core,Euramerica-North America,"Antrim shale formation, Michigan basin",25,45.909,-84.5,-30.0621,-28.8236,-30.0621,-28.8236,LKW/UKW,alternating green mudstone and black shale beds(LKW)/grey shlae (UKW),basin margin,dark shale,grey shale,distal slope,4,4.2,"iron minerals, sulfur isotopes, trace element, Mo/TOC",local,euxinc,#N/A,anoxic,3,#5C5858,water column,Formolo et al 2014,https://doi.org/10.1016/j.palaeo.2014.08.024,
Consumers Power core,Euramerica-North America,"Antrim shale formation, Michigan basin",26,44.571,-84.582,-30.696,-30.0435,-30.696,-30.0435,LKW/UKW,alternating green mudstone and black shale beds(LKW)/grey shlae (UKW),center basin,dark shale,dark shale,basin,5,5.2,"iron minerals, sulfur isotopes, trace element",local,euxinic,4,anoxic,3,#5C5858,water column,Formolo et al 2014,https://doi.org/10.1016/j.palaeo.2014.08.024,
"Walnut Creek, New York",Euramerica-North America,Appalachian basin,27,42.48,-79.18,-27.1629,-33.31,-27.1629,-33.31,UKW,,basin ,N/A,dark shale,basin,5,5.2,"d15N, DOP",local,N/A,#N/A,euxinic,4,black,water column,Tuite and Macko 2013,https://doi.org/10.1130/G34549.1,
"Hony, Belgium",Euramerica-North America,Dinant basin,28,50.549,5.578,5.6451,-20.6271,5.6451,-20.6271,UKW,olive green to grey shale/ black shale,outer shelf under fair weather wave base,N/A,dark shale,proximal slope,3,3.2,"trace element, REE",local,N/A,#N/A,dysoxic,2,white,bottom,Claeys et al 1996,,
Yangdi,South China,Xiangtian Formation,29,24.967,110.368,107.8736,-0.8841,107.8736,-0.8841,LKW/UKW,light gray thick-bedded nodular limestone with intercalated thin-bedded limestone,periplatform slope intraplatoform basin ,limestone,limestone,proximal slope,3,3.2,d15N,local,oxic,1,dysoxic,2,white,water column,Cao et al 2022,https://doi.org/10.1016/j.palaeo.2021.110797,
"Sinsin, Belgium",Euramerica-North America,Namur-Dinant Basin,30,50.276,5.236,5.6033,-20.9742,5.6033,-20.9742,UKW,marlstones and mudstones interbedded sporadically with limestones,basin margin,N/A,limestone,distal slope,4,4.2,"d15N, ostracods",local,N/A,#N/A,dysoxic,2,#888B90,water column,"Percival et al 2022, Casier 2017",https://doi.org/10.1029/2021GC010308,
"Canning Basin, Australia",Gondwana ,"Virgin Hills formation, McWhae Ridge",31,-18.728,126.068,125.1772,-19.5683,125.1772,-19.5683,LKW/UKW,nodular thinly bedded red limestone/siltstone,marginal slope facies,limestone,siltstone,proximal slope,3,3.2,"sedimenrary facies, redox sensitve trace elements",local,oxic,1,dysoxic,2,#888B90,bottom,George et al 2015,https://doi.org/10.1130/G35249.1,
"Anti-Atlas, Morocco",Gondwana ,Mader Platform,32,30.908,-5.016,9.315,-38.5796,9.315,-38.5796,LKW/UKW,thin bedded black limestone/ sandstone altrnations,platform,limestone,limestone,platform,2,2.2,sedimentary facies,local,dysoxic,2,dysoxic,2,white,bottom,Wendt and Belka 1991,https://link.springer.com/article/10.1007/BF02536755,
"Anti-Atlas, Morocco",Gondwana ,Mader Basin,33,30.954,-4.862,9.4936,-38.5759,9.4936,-38.5759,LKW/UKW,thin bedded black limestone/ black shale altrnations,basin,grey shale,dark shale,basin,5,5.2,sedimentary facies,local,oxic,1,anoxic,3,#5C5858,bottom,Wendt and Belka 1992,,
"Anti-Atlas, Morocco",Gondwana ,Tafilal Platform,34,31.142,-4.253,10.202,-38.5526,10.202,-38.5526,LKW/UKW,thin bedded black limestone,platform,limestone,limestone,platform,2,2.2,sedimentary facies,local,oxic,1,dysoxic,2,#888B90,bottom,Wendt and Belka 1993,,
"Anti-Atlas, Morocco",Gondwana ,Tafilal Basin,35,31.086,-3.98,10.4676,-38.6743,10.4676,-38.6743,LKW/UKW,thin bedded black limestone/ black shale altrnations,basin,limestone,dark shale,basin,5,5.2,sedimentary facies,local,dysoxic,2,anoxic,3,#5C5858,bottom,Wendt and Belka 1994,,
"Anti-Atlas, Morocco",Gondwana ,Rheris Basin,36,31.559,-4.152,10.4624,-38.1789,10.4624,-38.1789,LKW/UKW,thin bedded black limestone/ black shale altrnations,slope ,dark shale,dark shale,distal slope,4,4.2,sedimentary facies,local,anoxic,3,anoxic,3,#5C5858,bottom,Wendt and Belka 1995,,
"Harz Mountains, Germany",Euramerica-Western Europe,Huhnerbach,37,51.864,10.349,7.4667,-17.8518,7.4667,-17.8518,LKW/UKW,"lenticular lenses of blakc limestones, altnating with black marls",submarine rise (shallowest) ,limestone,limestone,open ocean,1,1.2,"(redox sensitive)elemental ratios, sedimentary facies, SEM of iron sulphides",local,dysoxic,2,dysoxic,2,#888B90,bottom,Riquier et al. 2006,https://doi.org/10.1016/j.chemgeo.2006.02.021,https://www.researchgate.net/profile/Raimund-Feist/publication/257832974_Trilobites_during_the_Frasnian_Kellwasser_Crisis_in_European_Late_Devonian_cephalopod_limestones_In_P_Konigshof_and_R_Werner_Ed_Willi_Ziegler-Festschrift_II/links/0f317535b47174f2300
"Harz Mountains, Germany",Euramerica-Western Europe,Aeke Valley,38,51.847,10.436,7.5229,-17.833,7.5229,-17.833,LKW/UKW,"lenticular lenses of blakc limestones, altnating with black marls",submarine rise,limestone,limestone,open ocean,1,1.2,"(redox sensitive)elemental ratios, sedimentary facies, SEM of iron sulphides",local,dysoxic,2,dysoxic,2,#888B90,bottom,Riquier et al. 2006,,
"Harz Mountains, Germany",Euramerica-Western Europe,Kellwassertal,39,51.813,10.447,7.5497,-17.8562,7.5497,-17.8562,LKW/UKW,black laminated limestone,submarine rise (deepest),limestone,limestone,open ocean,1,1.2,"(redox sensitive)elemental ratios, sedimentary facies, SEM of iron sulphides",local,anoxic,3,anoxic,3,#5C5858,bottom,Riquier et al. 2006,,
Libya,Gondwana ,Ghadames Basin,40,30.489,10.774,26.1164,-41.6457,26.1164,-41.6457,UKW,"mostly consist in grey to dark grey, finely laminated and micaceous shales to silty shales ",,N/A,grey shale,basin,5,5.2,redox sensitive trace elements,local,N/A,#N/A,dysoxic,2,#888B90,bottom,"Riboulleau et al., 2018",https://doi.org/10.1016/j.palaeo.2018.02.004,
"Tacheng Prefecture, Xinjiang",Central Asian Orogenic Belt ,Hongguleleng and Zhulumute Formations,41,46.662,85.966,51.2385,15.7236,51.2385,15.7236,LKW/UKW,siltstone/quartz siltstone-limestone alterations,ocean island arc ,siltstone,siltstone,open ocean,1,1.2,"(redox sensitive)elemental ratios, sedimentary facies, SEM/CL",local,dysoxic,2,anoxic,3,#5C5858,bottom,Carmichael et al 2004,https://doi.org/10.1016/j.palaeo.2014.02.016,
"North Antelope Range, Nevada, USA",Euramerica-North America,"Great Basin, ",42,38.847,-116.645,-57.3317,-20.5595,-57.3317,-20.5595,LKW/UKW,peloidal limestone/pebbly limetsonte,slope,limestone,limestone,proximal slope,3,3.2,sedimentary facies/pyrite framboids ,local,anoxic,3,anoxic,3,#5C5858,water column/bottom,"Bond and Wignall, 2005",,
"Tempiute Mountain, Nevada, USA",Euramerica-North America,Great Basin,43,37.647,-115.737,-58.3211,-19.3321,-58.3211,-19.3321,UKW,limestone ,slope/basin,N/A,limestone,distal slope,4,4.2,sedimentary facies/pyrite framboids ,local,N/A,#N/A,euxinic,4,black,water column/bottom,"Bond and Wignall, 2005",,
"Warm Springs, Nevada, USA",Euramerica-North America,"Great Basin, woodruff basin",44,38.193,-116.372,-57.7287,-21.1385,-57.7287,-21.1385,LKW/UKW,chert (LWK) siltstone (UKW),basin,chert,siltstone,basin,5,5.2,sedimentary facies/pyrite framboids ,local,anoxic,3,anoxic,3,#5C5858,water column/bottom,"Bond and Wignall, 2005",,
"Coyote Knolls section, Whiterock Canyon, Utah, USA",Euramerica-North America,"Great Basin, pilot basin",45,39.579,-113.525,-55.576,-19.4623,-55.576,-19.4623,LKW/UKW,siltstones/finely laminated shale,intrashelf basin,siltstone,limestone,basin,5,5.2,sedimentary facies/pyrite framboids ,local,anoxic,3,euxinic,4,black,water column/bottom,"Bond and Wignall, 2005",,
"Whiterock Canyon section, Monitor Range, Nevada, USA",Euramerica-North America,"Great Basin, woodruff basin",46,38.528,-117.06,-57.8145,-20.5089,-57.8145,-20.5089,LKW/UKW,siltstone(LWK)/chert (UKW),foreland basin,siltstone,chert,basin,5,5.2,sedimentary facies/pyrite framboids ,local,anoxic,3,anoxic,3,#5C5858,water column/bottom,"Bond and Wignall, 2005; Bratton 1999",,
"Price Creek, iowa co, iowa",Euramerica-North America,"Lime Creek Formation, Owen member, Iowa basin",47,41.811,-91.966,-37.6847,-30.1245,-37.6847,-30.1245,LKW,grey shale,shelf marin/ramp,grey shale,N/A,proximal slope,3,3.2,sedimentary facies,local,dysoxic,2,N/A,#N/A,white,bottom,Day and Witzke 2019,,
"Syv’yu River, Russian Urals ",Pechora Plate,Timan-Pechora,48,67.084,63.279,8.6393,11.7353,8.6393,11.7353,UKW,chery limestone/ black shale,intrashelf basin,limestone,dark shale,basin,5,5.2,"sedimentary facies, trace metal ratios",local,N/A,#N/A,anoxic,3,#5C5858,bottom,"Gharaie et al 2007, Racki et al 2018, Yudina et al., 2002",,
"Liujing section, Guangxi, China",South China,Gubi and Rongxian Formations,49,22.856,108.878,108.7307,1.478,108.7307,1.478,LKW/UKW,"micritic limetone/ wacketsone, flat pebble intraclast limestone",shallow shelf,limestone,limestone,platform,2,2.2,"sedimentary facies, trace metal ratios",local,N/A,#N/A,anoxia,#N/A,white,bottom,"Du et al., 2008, Gharaie et al., 2007, Gong et al., 2002",,
"Pando X-1 Core, Madre de Dios, Bolivia",Gondwana ,"Tomachi Formation, Madre de dios basin",50,-11.375,-68.274,-63.6633,-63.6071,-63.6633,-63.6071,UKW,deepening prodelta,shallowshelf,N/A,dark shale,platform,2,2.2,"biomarker (C28/C29 sterane ratios), d15N",local,N/A,#N/A,oxic,1,black,water column,"Haddad et al., 2016",https://doi.org/10.1016/j.orggeochem.2016.05.007,
Steinbruch Schmidt,Euramerica-Western Europe,"Branau, Germany",51,51.08,9.127,7.306,-18.9335,7.306,-18.9335,LKW/UKW,"below the wave base level and consists of dark grey to black limestones (KWH, Fig. 2) intercalated within grey cephalopod limestone; shallower than Benner",submarine rise,limestone,limestone,open ocean,1,1.2,"sedimentary facies, redox sensitive elements",local,dysoxic,2,dysoxic,2,#888B90,bottom,Pujol et al 2006,https://doi.org/10.1016/j.palaeo.2006.03.055,
"Mae Sarang section, northwestern Thailand",Inthanon Zone,,52,18.162,97.936,120.1037,-7.8796,120.1037,-7.8796,LKW/UKW,thin to medium bedded marlstone/dark limestone,pelagic facies,limestone,limestone,platform,2,2.2,"sedimentary facies, redox sensitive elements",local,oxic,1,dysoxic,2,#888B90,bottom,"Racki et al., 2019.",https://doi.org/10.1016/j.jaesx.2019.100010,
"Thong Pha Phum secton, Satun Province, Thailand",Gondwana ,,53,14.647,98.516,121.4772,-4.5923,121.4772,-4.5923,LKW/UKW,calcareous siltstone/medium bedded limestonr,dista shelf ->slope below photic zone,siltstone,limestone,distal slope,4,4.2,"sedimentary facies, trace elements",local,oxic,1,dysoxic,2,#888B90,bottom,"Racki et al., 2019.",,
"Moravo-Silesian Zone, Czech Republich",Euramerica-Western Europe,Lesní Iom section,54,49.227,16.673,27.5406,-19.4703,27.5406,-19.4703,LKW/UKW,,carbonate ramp,limestone,limestone,proximal slope,3,3.2,"sedimentary facies, trace elements",local,dysoxic,2,dysoxic,2,#888B90,bottom,"Weiner et al., 2017",,
"Fuhe, Guangxi, China",South China,Xiangtian Formation,55,25.088,111.283,107.0946,-1.1937,107.0946,-1.1937,LKW/UKW,,shallow shlef/slope,limestone,limestone,platform,2,2.2,"d34S, trace elements",local,dysoxia,#N/A,dysoxic,2,#888B90,bottom,Chen 2005,,
"Anadjam, Morocco",Gondwana ,Azrou-Kenifra Basin,56,33.042,-5.702,6.3769,-36.6943,6.3769,-36.6943,LKW/UKW,dark limestone,outer platform,limestone,limesteon,platform,2,2.2,"redox sensitive trace elements, sedimentary facies",local,dysoxic,2,dysoxic,2,#888B90,bottom,"Riquier et al. 2005,2007",,
Bou-Onunebdou,Gondwana ,Azrou-Kenifra Basin,57,33.059,-5.499,6.5816,-36.7423,6.5816,-36.7423,LKW/UKW,dark limestone,outer platform,limestone,limestone,platform,2,2.2,"redox sensitive trace elements, sedimentary facies",local,dysoxic,2,dysoxic,2,#888B90,bottom,"Riquier et al. 2005,2008",,
Pipe Creek formation,Euramerica,"five localities including Pipe Creek near West Falls, NY (WFPC) (Fig. 2), Irish Gulf near Boston, NY (IGPC) (Fig. 2), exposures near Cameron, NY (CAM) (Fig. 2) (Bush et al., 2015), Walnut Creek near Silver Creek, NY (WCL) (Fig.",58,42.705,-78.681,-26.6667,-33.1959,-26.6667,-33.1959,LKW,shale,foreland basin,black shale,N/A,basin,5,5.2,"redox sensitive trace leemnts, ichnotaxa, organic walled microfossisls",local,dysoxic,2,N/a,#N/A,white,bottom,Boyer 2021,,
"Southern Timan, SE Russia",Siberia,Timan-Pechora Basin,59,63.619,53.734,11.3004,7.1677,11.3004,7.1677,LKW,"argillacoeus limestone,reefcomplex",shallow intracratonic basin,limestone,N/A,basin,5,5.2,sedimentary facies,local,anoxic,3,N/A,#N/A,white,bottom,House 2000,https://papers.ssrn.com/sol3/papers.cfm?abstract_id=4537657,
"Chattanooga Shale, Tennessee",Euramerica,illinois basin,60,36.13,87.83,101.3032,-16.9808,101.3032,-16.9808,LKW/UKW,black shale,The Chattanooga Shale forms the distal part of a thick siliciclastic wedge that accumulated in the Appalachian foreland basin,black shale,black shale,basin,5,5.2,"Hg isotopes, biomarkers, redox sensitive trace metals",local,dysoxic,2,anoxic,3,#5C5858,water column/bottom,"Zheng 2023, Song et al., 2021",https://doi.org/10.1016/j.epsl.2023.118175,
"Xikuangshan, South China",South China,,61,27.766,111.498,107.5396,-3.8415,107.5396,-3.8415,UKW,mixed subtidal carbonate-argillacoes limestone facies,shallow marginal marine,N/A,limestone,platform,2,2.2,"sedimentary facies, iron speciation, sulfate isotope ratios",local,N/A,#N/A,euxinic,4,black,watercolumn/bottom,Cai 2022,https://doi.org/10.1093/pnasnexus/pgac122,
"Moravian Karst, Chezh Republic",Euramerica,"composite of Hady, Sumber, Lesni lom sections",62,49.301,16.711,27.5201,-19.3945,27.5201,-19.3945,LKW/UKW,pure limestones depostied on carbonate ramp,,limestone,limestone,proximal slope,3,3.2,"sedimentary facies, U/Th, [U], ",local,oxic,1,oxic,1,black,,Weiner 2017,,
